Starting of Synonyms of the Words from the Sentences: {'Adaptable': ['adaptable'],
 'Adept': ['ace',
           'adept',
           'champion',
           'sensation',
           'maven',
           'mavin',
           'virtuoso',
           'genius',
           'hotshot',
           'star',
           'superstar',
           'whiz',
           'whizz',
           'wizard',
           'wiz',
           'adept',
           'expert',
           'good',
           'practiced',
           'proficient',
           'skillful',
           'skilful'],
 'Attractive': ['attractive', 'attractive', 'attractive'],
 'Careless': ['careless', 'careless', 'careless', 'regardless'],
 'Creative': ['creative', 'originative', 'creative'],
 'Dependable': ['reliable',
                'dependable',
                'dependable',
                'honest',
                'reliable',
                'true',
                'dependable',
                'rock-steady',
                'steady-going',
                'dependable',
                'good',
                'safe',
                'secure'],
 'Productive': ['productive',
                'generative',
                'productive',
                'productive',
                'fat',
                'fertile',
                'productive',
                'rich'],
 'Retentive': ['retentive',
               'recollective',
               'long',
               'tenacious',
               'retentive',
               'retentive'],
 'Technophile': ['technophile']}
